https://designsystem.nsw.gov.au/docs/content/about/what-is-design-system.html,https://designsystem.nsw.gov.au/get-started/about-the-nsw-design-system.html,301,false,false,false,true
https://designsystem.nsw.gov.au/docs/content/about/about-the-nsw-design-system.html,https://designsystem.nsw.gov.au/get-started/about-the-nsw-design-system.html,301,false,false,false,true
https://designsystem.nsw.gov.au/docs/content/about/supporting-different-roles.html,https://designsystem.nsw.gov.au/get-started/supporting-different-roles.html,301,false,false,false,true
https://designsystem.nsw.gov.au/docs/content/about/our-ecosystem.html,https://designsystem.nsw.gov.au/get-started/our-ecosystem.html,301,false,false,false,true
https://designsystem.nsw.gov.au/docs/content/setup/index.html,https://designsystem.nsw.gov.au/get-started/set-up/index.html,301,false,false,false,true
https://designsystem.nsw.gov.au/docs/content/design/getting-started.html,https://designsystem.nsw.gov.au/get-started/set-up/for-designers.html,301,false,false,false,true
https://designsystem.nsw.gov.au/docs/content/develop/getting-started.html,https://designsystem.nsw.gov.au/get-started/set-up/for-developers.html,301,false,false,false,true
https://designsystem.nsw.gov.au/docs/content/design/figma-ui-kit.html,https://designsystem.nsw.gov.au/get-started/set-up/figma-ui-kit.html,301,false,false,false,true
https://designsystem.nsw.gov.au/templates/index.html,https://designsystem.nsw.gov.au/get-started/templates.html,301,false,false,false,true
https://designsystem.nsw.gov.au/docs/content/design/theming.html,https://designsystem.nsw.gov.au/get-started/theming.html,301,false,false,false,true
https://designsystem.nsw.gov.au/docs/content/develop/theming.html,https://designsystem.nsw.gov.au/get-started/theming-for-developers.html,301,false,false,false,true
https://designsystem.nsw.gov.au/docs/content/design/extending.html,https://designsystem.nsw.gov.au/get-started/extending.html,301,false,false,false,true
https://designsystem.nsw.gov.au/docs/content/about/release-notes.html,https://designsystem.nsw.gov.au/release-notes/index.html,301,false,false,false,true
https://designsystem.nsw.gov.au/docs/content/contribute/build-a-new-component.html,https://designsystem.nsw.gov.au/contribute/build-a-new-component.html,301,false,false,false,true
https://designsystem.nsw.gov.au/docs/content/contribute/contribution-criteria.html,https://designsystem.nsw.gov.au/contribute/contribution-criteria.html,301,false,false,false,true
https://designsystem.nsw.gov.au/docs/content/contribute/propose-a-new-component.html,https://designsystem.nsw.gov.au/contribute/propose-a-new-component.html,301,false,false,false,true
https://designsystem.nsw.gov.au/docs/content/design/guides.html,https://designsystem.nsw.gov.au/get-started/guides.html,301,false,false,false,true
https://designsystem.nsw.gov.au/docs/content/get-started/about-the-nsw-design-system.html,https://designsystem.nsw.gov.au/get-started/about-the-nsw-design-system.html,301,false,false,false,true
https://designsystem.nsw.gov.au/docs/content/get-started/extending.html,https://designsystem.nsw.gov.au/get-started/extending.html,301,false,false,false,true
https://designsystem.nsw.gov.au/docs/content/get-started/our-ecosystem.html,https://designsystem.nsw.gov.au/get-started/our-ecosystem.html,301,false,false,false,true
https://designsystem.nsw.gov.au/docs/content/get-started/set-up/figma-ui-kit.html,https://designsystem.nsw.gov.au/get-started/set-up/figma-ui-kit.html,301,false,false,false,true
https://designsystem.nsw.gov.au/docs/content/get-started/set-up/for-designers.html,https://designsystem.nsw.gov.au/get-started/set-up/for-designers.html,301,false,false,false,true
https://designsystem.nsw.gov.au/docs/content/get-started/set-up/for-developers.html,https://designsystem.nsw.gov.au/get-started/set-up/for-developers.html,301,false,false,false,true
https://designsystem.nsw.gov.au/docs/content/get-started/set-up/index.html,https://designsystem.nsw.gov.au/get-started/set-up/index.html,301,false,false,false,true
https://designsystem.nsw.gov.au/docs/content/get-started/supporting-different-roles.html,https://designsystem.nsw.gov.au/get-started/supporting-different-roles.html,301,false,false,false,true
https://designsystem.nsw.gov.au/docs/content/get-started/templates.html,https://designsystem.nsw.gov.au/get-started/templates.html,301,false,false,false,true
https://designsystem.nsw.gov.au/docs/content/get-started/theming-for-developers.html,https://designsystem.nsw.gov.au/get-started/theming-for-developers.html,301,false,false,false,true
https://designsystem.nsw.gov.au/docs/content/get-started/theming.html,https://designsystem.nsw.gov.au/get-started/theming.html,301,false,false,false,true
https://designsystem.nsw.gov.au/docs/content/methods/charts-and-graphs.html,https://designsystem.nsw.gov.au/methods/charts-and-graphs.html,301,false,false,false,true
https://designsystem.nsw.gov.au/docs/content/methods/easy-read.html,https://designsystem.nsw.gov.au/methods/easy-read.html,301,false,false,false,true
https://designsystem.nsw.gov.au/docs/content/methods/inactive-fields.html,https://designsystem.nsw.gov.au/methods/inactive-fields.html,301,false,false,false,true
https://designsystem.nsw.gov.au/docs/content/methods/maps.html,https://designsystem.nsw.gov.au/methods/maps.html,301,false,false,false,true
https://designsystem.nsw.gov.au/docs/content/methods/search.html,https://designsystem.nsw.gov.au/methods/search.html,301,false,false,false,true
https://designsystem.nsw.gov.au/docs/content/methods/you-are-here.html,https://designsystem.nsw.gov.au/methods/you-are-here.html,301,false,false,false,true
https://designsystem.nsw.gov.au/docs/content/utilities/background.html,https://designsystem.nsw.gov.au/utility-classes/background.html,301,false,false,false,true
https://designsystem.nsw.gov.au/docs/content/utilities/borders.html,https://designsystem.nsw.gov.au/utility-classes/borders.html,301,false,false,false,true
https://designsystem.nsw.gov.au/docs/content/utilities/box-shadow.html,https://designsystem.nsw.gov.au/utility-classes/box-shadow.html,301,false,false,false,true
https://designsystem.nsw.gov.au/docs/content/utilities/display.html,https://designsystem.nsw.gov.au/utility-classes/display.html,301,false,false,false,true
https://designsystem.nsw.gov.au/docs/content/utilities/flex.html,https://designsystem.nsw.gov.au/utility-classes/flex.html,301,false,false,false,true
https://designsystem.nsw.gov.au/docs/content/utilities/float.html,https://designsystem.nsw.gov.au/utility-classes/float.html,301,false,false,false,true
https://designsystem.nsw.gov.au/docs/content/utilities/overflow.html,https://designsystem.nsw.gov.au/utility-classes/overflow.html,301,false,false,false,true
https://designsystem.nsw.gov.au/docs/content/utilities/position.html,https://designsystem.nsw.gov.au/utility-classes/position.html,301,false,false,false,true
https://designsystem.nsw.gov.au/docs/content/utilities/reflow.html,https://designsystem.nsw.gov.au/utility-classes/reflow.html,301,false,false,false,true
https://designsystem.nsw.gov.au/docs/content/utilities/spacing.html,https://designsystem.nsw.gov.au/utility-classes/spacing.html,301,false,false,false,true
https://designsystem.nsw.gov.au/docs/content/utilities/svg.html,https://designsystem.nsw.gov.au/utility-classes/svg.html,301,false,false,false,true
https://designsystem.nsw.gov.au/docs/content/utilities/text.html,https://designsystem.nsw.gov.au/utility-classes/text.html,301,false,false,false,true
https://designsystem.nsw.gov.au/docs/content/utilities/vertical-align.html,https://designsystem.nsw.gov.au/utility-classes/vertical-align.html,301,false,false,false,true
https://designsystem.nsw.gov.au/docs/content/utilities/visibility.html,https://designsystem.nsw.gov.au/utility-classes/visibility.html,301,false,false,false,true
https://designsystem.nsw.gov.au/docs/content/utilities/z-index.html,https://designsystem.nsw.gov.au/utility-classes/z-index.html,301,false,false,false,true
https://designsystem.nsw.gov.au/docs/content/develop/helpers.html,https://designsystem.nsw.gov.au/index.html#utility-classes,301,false,false,false,true
