{
  "nswDesignSystem": {
    "version": "3.22.9",
    "mode": "vanilla",
    "components": [
      "accordion",
      "autocomplete",
      "back-to-top",
      "breadcrumbs",
      "button",
      "callout",
      "card",
      "carousel",
      "dialog",
      "footer",
      "form",
      "global-alert",
      "header",
      "hero-banner",
      "in-page-alert",
      "in-page-nav",
      "loader",
      "pagination",
      "popover",
      "progress-indicator",
      "table",
      "tabs",
      "tag",
      "toggletip",
      "tooltip"
    ],
    "detection": "build",
    "generatedAt": "2025-10-31T03:21:39.976Z"
  }
}